num1,num2,time
8,9,11.930015087127686
18,16,34.39580583572388
6,5,2.390753746032715
0,7,1.8671729564666748
13,2,1.8060810565948486
14,11,9.810459613800049
19,3,20.283440589904785
0,13,2.3485989570617676
14,10,2.2034709453582764
8,11,1.8024563789367676
16,5,6.451260089874268
14,18,15.9926016330719
3,0,1.3326694965362549
16,13,44.84935712814331
10,7,2.1939516067504883
